costel|costel@gmail.com|thinking,playing,reading|reading
marcel|marcel@gmail.com|stories,playing,reading|writing
andrei|andrei@messi.com|football,iq|sports
muresan|muresna@muresan.com|playing,reading|reading
ana|ana@ana|reading,writing,thinking|
gicu|gicu@gicu|sports,reading,writing|
nicu|nicu@gmail|sports,reading|